Cluster,No,Yes
0,79.65772073123298,20.342279268767015
1,80.11129431162406,19.888705688375925
2,80.13193636010865,19.868063639891346
