,Age,Blood Pressure,Cholesterol Level,BMI,Sleep Hours,Triglyceride Level,Fasting Blood Sugar,CRP Level,Homocysteine Level
count,9971.0,9981.0,9970.0,9978.0,9975.0,9974.0,9978.0,9974.0,9980.0
mean,49.296259151539466,149.75773970544034,225.42557673019058,29.077268927511035,6.991329446342598,250.73440946460798,120.14221286831028,7.472200593944747,12.45627088214965
std,18.19397006391665,17.572969013250344,43.575809417717636,6.307098165946805,1.7531952495553809,87.06722598105023,23.58401138181457,4.340247570333123,4.323425857275097
min,18.0,120.0,150.0,18.00283694367505,4.000605495703501,100.0,80.0,0.0036467123625,5.000236488356111
25%,34.0,134.0,187.0,23.658075171017085,5.4498662242463265,176.0,99.0,3.674126239210254,8.723334227972153
50%,49.0,150.0,226.0,29.079491590086043,7.003252334814371,250.0,120.0,7.472164393020417,12.409395381646618
75%,65.0,165.0,263.0,34.5200150669223,8.531577207989777,326.0,141.0,11.255591755665478,16.140563913962453
max,80.0,180.0,300.0,39.99695379658124,9.999952253817796,400.0,160.0,14.997086730710286,19.99903699208996
