Cluster,Age,Sex,Chest pain type,BP,Cholesterol,FBS over 120,EKG results,Max HR,Exercise angina,ST depression,Slope of ST,Number of vessels fluro,Thallium,Heart Disease
0,59.69642857142857,0.125,2.9107142857142856,133.35714285714286,269.85714285714283,0.14285714285714285,0.9642857142857143,148.375,0.125,0.6839285714285716,1.4464285714285714,0.5,3.2142857142857144,0.19642857142857142
1,47.45333333333333,0.8666666666666667,2.7466666666666666,127.17333333333333,233.48,0.10666666666666667,0.7733333333333333,166.65333333333334,0.09333333333333334,0.52,1.2933333333333332,0.29333333333333333,4.413333333333333,0.24
2,57.61971830985915,0.8873239436619719,3.619718309859155,135.16901408450704,246.40845070422534,0.16901408450704225,1.4507042253521127,134.88732394366198,0.676056338028169,1.8746478873239436,2.0140845070422535,1.1408450704225352,6.084507042253521,0.8591549295774648
