Feature,Importance
ST depression,0.12308017387289587
Chest pain type,0.1228249244999481
Thallium,0.1227741955490526
Max HR,0.10211760997061016
Number of vessels fluro,0.10173882669956844
Cholesterol,0.08089661403969658
Age,0.08040085931818865
BP,0.0797896226352775
Slope of ST,0.05919371286975634
Exercise angina,0.053899275835594104
Sex,0.04723975694848779
EKG results,0.016312768411647176
FBS over 120,0.00973165934927684
