Feature,Coefficient
Number of vessels fluro,1.1121313377628779
Sex,0.909800022059724
Chest pain type,0.7003214684029235
Thallium,0.5229005059342771
Slope of ST,0.462438236755869
Exercise angina,0.45035711174894777
Max HR,-0.3960518825442344
BP,0.36373730126669457
FBS over 120,-0.3489016904127593
Cholesterol,0.3318118713593731
ST depression,0.2654531418440226
EKG results,0.037411923757559154
Age,-0.004825191927000365
