,Age,Sex,Chest pain type,BP,Cholesterol,FBS over 120,EKG results,Max HR,Exercise angina,ST depression,Slope of ST,Number of vessels fluro,Thallium
count,270.0,270.0,270.0,270.0,270.0,270.0,270.0,270.0,270.0,270.0,270.0,270.0,270.0
mean,54.43333333333333,0.6777777777777778,3.174074074074074,131.34444444444443,249.65925925925927,0.14814814814814814,1.0222222222222221,149.67777777777778,0.3296296296296296,1.05,1.5851851851851853,0.6703703703703704,4.696296296296296
std,9.109066523898207,0.46819540715526964,0.9500900339228638,17.861608292800856,51.68623711643124,0.3559064769707314,0.9978912089661108,23.165716775120096,0.4709515913013828,1.1452098393779973,0.6143898376781299,0.9438963834881157,1.9406589693457776
min,29.0,0.0,1.0,94.0,126.0,0.0,0.0,71.0,0.0,0.0,1.0,0.0,3.0
25%,48.0,0.0,3.0,120.0,213.0,0.0,0.0,133.0,0.0,0.0,1.0,0.0,3.0
50%,55.0,1.0,3.0,130.0,245.0,0.0,2.0,153.5,0.0,0.8,2.0,0.0,3.0
75%,61.0,1.0,4.0,140.0,280.0,0.0,2.0,166.0,1.0,1.6,2.0,1.0,7.0
max,77.0,1.0,4.0,200.0,564.0,1.0,2.0,202.0,1.0,6.2,3.0,3.0,7.0
